Cow_ID,Fever,Lymph_Node_Swelling,Appetite_Loss,Lethargy,Respiratory_Signs,Anemia,Jaundice,Weight_Loss,Reproductive_Issues,Stage
1,37.5,No,No,No,None,No,No,No,No,Infection
2,39.6,Yes,Yes,Yes,Severe,No,Yes,Yes,Yes,Acute
3,38.0,No,No,No,None,No,No,No,No,Infection
4,41.0,Yes,Yes,Yes,Moderate,No,Yes,Yes,No,Acute
5,37.3,No,No,No,None,No,No,No,No,Infection
6,39.9,Yes,Yes,Yes,Severe,No,Yes,Yes,No,Acute
7,40.8,Yes,Yes,Yes,Severe,No,Yes,Yes,Yes,Acute
8,37.8,No,No,No,None,No,No,No,No,Infection
9,38.0,No,No,No,None,No,No,No,No,Infection
10,38.6,No,Yes,Yes,None,Yes,No,Yes,No,Piroplasm
11,37.8,No,No,No,None,No,No,No,No,Infection
12,39.9,Yes,Yes,Yes,Moderate,No,Yes,Yes,Yes,Acute
13,38.5,No,Yes,Yes,None,Yes,No,Yes,No,Piroplasm
14,38.5,Yes,Yes,Yes,Moderate,Yes,Yes,Yes,Yes,Chronic
15,37.8,No,No,No,None,No,No,No,No,Infection
16,38.2,Yes,Yes,Yes,Mild,Yes,Yes,Yes,Yes,Chronic
17,39.2,Yes,Yes,Yes,Moderate,Yes,Yes,Yes,Yes,Chronic
18,38.6,No,Yes,Yes,None,Yes,No,Yes,No,Piroplasm
19,37.6,No,No,No,None,No,No,No,No,Infection
20,38.8,Yes,Yes,Yes,Mild,Yes,Yes,Yes,Yes,Chronic
21,37.1,No,No,No,None,No,No,No,No,Infection
22,38.5,Yes,Yes,Yes,Moderate,Yes,Yes,Yes,Yes,Chronic
23,38.2,No,Yes,Yes,None,Yes,No,Yes,No,Piroplasm
24,39.1,Yes,Yes,Yes,Mild,Yes,Yes,Yes,Yes,Chronic
25,38.8,Yes,Yes,Yes,Mild,Yes,Yes,Yes,Yes,Chronic
26,38.7,Yes,Yes,Yes,Moderate,Yes,Yes,Yes,Yes,Chronic
27,37.6,No,No,No,None,No,No,No,No,Infection
28,38.6,Yes,Yes,Yes,Moderate,Yes,Yes,Yes,Yes,Chronic
29,37.3,No,No,No,None,No,No,No,No,Infection
30,38.9,No,Yes,Yes,None,Yes,No,Yes,No,Piroplasm
31,37.3,No,No,No,None,No,No,No,No,Infection
32,40.3,Yes,Yes,Yes,Severe,No,Yes,Yes,Yes,Acute
33,40.6,Yes,Yes,Yes,Severe,No,Yes,Yes,No,Acute
34,38.0,No,Yes,Yes,None,Yes,No,Yes,No,Piroplasm
35,37.5,No,No,No,None,No,No,No,No,Infection
36,40.5,Yes,Yes,Yes,Severe,No,Yes,Yes,Yes,Acute
37,37.4,No,No,No,None,No,No,No,No,Infection
38,40.7,Yes,Yes,Yes,Moderate,No,Yes,Yes,No,Acute
39,40.2,Yes,Yes,Yes,Severe,No,Yes,Yes,Yes,Acute
40,38.9,Yes,Yes,Yes,Mild,Yes,Yes,Yes,Yes,Chronic
41,40.1,Yes,Yes,Yes,Moderate,No,Yes,Yes,No,Acute
42,39.6,Yes,Yes,Yes,Severe,No,Yes,Yes,No,Acute
43,37.8,No,No,No,None,No,No,No,No,Infection
44,40.2,Yes,Yes,Yes,Moderate,No,Yes,Yes,Yes,Acute
45,38.8,No,Yes,Yes,None,Yes,No,Yes,No,Piroplasm
46,37.8,No,No,No,None,No,No,No,No,Infection
47,38.6,Yes,Yes,Yes,Mild,Yes,Yes,Yes,Yes,Chronic
48,40.4,Yes,Yes,Yes,Moderate,No,Yes,Yes,Yes,Acute
49,39.1,Yes,Yes,Yes,Moderate,Yes,Yes,Yes,Yes,Chronic
50,38.8,No,Yes,Yes,None,Yes,No,Yes,No,Piroplasm
51,39.9,Yes,Yes,Yes,Moderate,No,Yes,Yes,Yes,Acute
52,40.5,Yes,Yes,Yes,Moderate,No,Yes,Yes,No,Acute
53,38.5,No,Yes,Yes,None,Yes,No,Yes,No,Piroplasm
54,38.6,No,Yes,Yes,None,Yes,No,Yes,No,Piroplasm
55,37.7,No,No,No,None,No,No,No,No,Infection
56,37.0,No,No,No,None,No,No,No,No,Infection
57,40.0,Yes,Yes,Yes,Moderate,No,Yes,Yes,Yes,Acute
58,38.4,No,Yes,Yes,None,Yes,No,Yes,No,Piroplasm
59,38.1,Yes,Yes,Yes,Mild,Yes,Yes,Yes,Yes,Chronic
60,38.1,No,Yes,Yes,None,Yes,No,Yes,No,Piroplasm
61,38.8,No,Yes,Yes,None,Yes,No,Yes,No,Piroplasm
62,39.2,Yes,Yes,Yes,Mild,Yes,Yes,Yes,Yes,Chronic
63,37.3,No,No,No,None,No,No,No,No,Infection
64,40.1,Yes,Yes,Yes,Severe,No,Yes,Yes,Yes,Acute
65,40.1,Yes,Yes,Yes,Moderate,No,Yes,Yes,No,Acute
66,37.8,No,No,No,None,No,No,No,No,Infection
67,39.9,Yes,Yes,Yes,Severe,No,Yes,Yes,No,Acute
68,37.6,No,No,No,None,No,No,No,No,Infection
69,38.8,Yes,Yes,Yes,Moderate,Yes,Yes,Yes,Yes,Chronic
70,38.0,No,Yes,Yes,None,Yes,No,Yes,No,Piroplasm
71,38.2,No,Yes,Yes,None,Yes,No,Yes,No,Piroplasm
72,37.2,No,No,No,None,No,No,No,No,Infection
73,38.2,No,Yes,Yes,None,Yes,No,Yes,No,Piroplasm
74,39.3,Yes,Yes,Yes,Mild,Yes,Yes,Yes,Yes,Chronic
75,38.3,Yes,Yes,Yes,Moderate,Yes,Yes,Yes,Yes,Chronic
76,38.1,No,Yes,Yes,None,Yes,No,Yes,No,Piroplasm
77,38.8,Yes,Yes,Yes,Moderate,Yes,Yes,Yes,Yes,Chronic
78,38.3,Yes,Yes,Yes,Moderate,Yes,Yes,Yes,Yes,Chronic
79,39.1,Yes,Yes,Yes,Moderate,Yes,Yes,Yes,Yes,Chronic
80,39.0,Yes,Yes,Yes,Moderate,Yes,Yes,Yes,Yes,Chronic
81,38.9,No,Yes,Yes,None,Yes,No,Yes,No,Piroplasm
82,37.1,No,No,No,None,No,No,No,No,Infection
83,39.3,Yes,Yes,Yes,Mild,Yes,Yes,Yes,Yes,Chronic
84,39.0,Yes,Yes,Yes,Moderate,Yes,Yes,Yes,Yes,Chronic
85,39.4,Yes,Yes,Yes,Moderate,Yes,Yes,Yes,Yes,Chronic
86,39.5,Yes,Yes,Yes,Moderate,No,Yes,Yes,No,Acute
87,41.0,Yes,Yes,Yes,Severe,No,Yes,Yes,No,Acute
88,38.8,Yes,Yes,Yes,Mild,Yes,Yes,Yes,Yes,Chronic
89,38.1,No,Yes,Yes,None,Yes,No,Yes,No,Piroplasm
90,39.6,Yes,Yes,Yes,Severe,No,Yes,Yes,Yes,Acute
91,39.8,Yes,Yes,Yes,Moderate,No,Yes,Yes,Yes,Acute
92,37.6,No,No,No,None,No,No,No,No,Infection
93,37.1,No,No,No,None,No,No,No,No,Infection
94,37.9,No,No,No,None,No,No,No,No,Infection
95,38.4,No,Yes,Yes,None,Yes,No,Yes,No,Piroplasm
96,38.1,No,Yes,Yes,None,Yes,No,Yes,No,Piroplasm
97,40.5,Yes,Yes,Yes,Severe,No,Yes,Yes,No,Acute
98,37.9,No,No,No,None,No,No,No,No,Infection
99,38.8,Yes,Yes,Yes,Mild,Yes,Yes,Yes,Yes,Chronic
100,38.6,No,Yes,Yes,None,Yes,No,Yes,No,Piroplasm
101,38.8,No,Yes,Yes,None,Yes,No,Yes,No,Piroplasm
102,40.0,Yes,Yes,Yes,Moderate,No,Yes,Yes,Yes,Acute
103,38.8,No,Yes,Yes,None,Yes,No,Yes,No,Piroplasm
104,38.2,No,Yes,Yes,None,Yes,No,Yes,No,Piroplasm
105,40.3,Yes,Yes,Yes,Severe,No,Yes,Yes,No,Acute
106,40.2,Yes,Yes,Yes,Severe,No,Yes,Yes,Yes,Acute
107,38.4,Yes,Yes,Yes,Mild,Yes,Yes,Yes,Yes,Chronic
108,39.0,No,Yes,Yes,None,Yes,No,Yes,No,Piroplasm
109,37.2,No,No,No,None,No,No,No,No,Infection
110,37.0,No,No,No,None,No,No,No,No,Infection
111,40.2,Yes,Yes,Yes,Moderate,No,Yes,Yes,Yes,Acute
112,37.1,No,No,No,None,No,No,No,No,Infection
113,40.6,Yes,Yes,Yes,Severe,No,Yes,Yes,No,Acute
114,40.4,Yes,Yes,Yes,Severe,No,Yes,Yes,Yes,Acute
115,38.3,No,Yes,Yes,None,Yes,No,Yes,No,Piroplasm
116,38.3,Yes,Yes,Yes,Moderate,Yes,Yes,Yes,Yes,Chronic
117,40.0,Yes,Yes,Yes,Severe,No,Yes,Yes,Yes,Acute
118,38.7,Yes,Yes,Yes,Moderate,Yes,Yes,Yes,Yes,Chronic
119,38.0,No,No,No,None,No,No,No,No,Infection
120,37.4,No,No,No,None,No,No,No,No,Infection
121,39.6,Yes,Yes,Yes,Moderate,No,Yes,Yes,Yes,Acute
122,38.2,Yes,Yes,Yes,Mild,Yes,Yes,Yes,Yes,Chronic
123,38.6,Yes,Yes,Yes,Mild,Yes,Yes,Yes,Yes,Chronic
124,38.8,No,Yes,Yes,None,Yes,No,Yes,No,Piroplasm
125,38.3,Yes,Yes,Yes,Mild,Yes,Yes,Yes,Yes,Chronic
126,38.8,Yes,Yes,Yes,Mild,Yes,Yes,Yes,Yes,Chronic
127,38.6,Yes,Yes,Yes,Mild,Yes,Yes,Yes,Yes,Chronic
128,40.6,Yes,Yes,Yes,Moderate,No,Yes,Yes,No,Acute
129,37.7,No,No,No,None,No,No,No,No,Infection
130,38.6,No,Yes,Yes,None,Yes,No,Yes,No,Piroplasm
131,38.9,Yes,Yes,Yes,Moderate,Yes,Yes,Yes,Yes,Chronic
132,37.6,No,No,No,None,No,No,No,No,Infection
133,37.3,No,No,No,None,No,No,No,No,Infection
134,39.5,Yes,Yes,Yes,Moderate,No,Yes,Yes,No,Acute
135,40.1,Yes,Yes,Yes,Moderate,No,Yes,Yes,Yes,Acute
136,41.0,Yes,Yes,Yes,Severe,No,Yes,Yes,No,Acute
137,40.0,Yes,Yes,Yes,Moderate,No,Yes,Yes,Yes,Acute
138,38.4,No,Yes,Yes,None,Yes,No,Yes,No,Piroplasm
139,38.3,No,Yes,Yes,None,Yes,No,Yes,No,Piroplasm
140,37.5,No,No,No,None,No,No,No,No,Infection
141,40.8,Yes,Yes,Yes,Severe,No,Yes,Yes,Yes,Acute
142,38.7,Yes,Yes,Yes,Moderate,Yes,Yes,Yes,Yes,Chronic
143,40.5,Yes,Yes,Yes,Moderate,No,Yes,Yes,Yes,Acute
144,38.0,No,No,No,None,No,No,No,No,Infection
145,38.3,No,Yes,Yes,None,Yes,No,Yes,No,Piroplasm
146,37.8,No,No,No,None,No,No,No,No,Infection
147,38.1,No,Yes,Yes,None,Yes,No,Yes,No,Piroplasm
148,39.4,Yes,Yes,Yes,Moderate,Yes,Yes,Yes,Yes,Chronic
149,37.3,No,No,No,None,No,No,No,No,Infection
150,38.6,No,Yes,Yes,None,Yes,No,Yes,No,Piroplasm
151,38.9,No,Yes,Yes,None,Yes,No,Yes,No,Piroplasm
152,40.4,Yes,Yes,Yes,Severe,No,Yes,Yes,Yes,Acute
153,40.5,Yes,Yes,Yes,Moderate,No,Yes,Yes,Yes,Acute
154,40.9,Yes,Yes,Yes,Severe,No,Yes,Yes,No,Acute
155,37.4,No,No,No,None,No,No,No,No,Infection
156,37.2,No,No,No,None,No,No,No,No,Infection
157,38.3,No,Yes,Yes,None,Yes,No,Yes,No,Piroplasm
158,37.4,No,No,No,None,No,No,No,No,Infection
159,38.3,No,Yes,Yes,None,Yes,No,Yes,No,Piroplasm
160,40.0,Yes,Yes,Yes,Moderate,No,Yes,Yes,No,Acute
161,39.6,Yes,Yes,Yes,Severe,No,Yes,Yes,No,Acute
162,37.7,No,No,No,None,No,No,No,No,Infection
163,40.6,Yes,Yes,Yes,Severe,No,Yes,Yes,No,Acute
164,38.7,No,Yes,Yes,None,Yes,No,Yes,No,Piroplasm
165,38.4,Yes,Yes,Yes,Mild,Yes,Yes,Yes,Yes,Chronic
166,39.2,Yes,Yes,Yes,Mild,Yes,Yes,Yes,Yes,Chronic
167,37.7,No,No,No,None,No,No,No,No,Infection
168,39.9,Yes,Yes,Yes,Severe,No,Yes,Yes,No,Acute
169,39.6,Yes,Yes,Yes,Severe,No,Yes,Yes,Yes,Acute
170,38.7,Yes,Yes,Yes,Mild,Yes,Yes,Yes,Yes,Chronic
171,37.8,No,No,No,None,No,No,No,No,Infection
172,37.9,No,No,No,None,No,No,No,No,Infection
173,40.7,Yes,Yes,Yes,Severe,No,Yes,Yes,Yes,Acute
174,40.1,Yes,Yes,Yes,Moderate,No,Yes,Yes,Yes,Acute
175,38.7,Yes,Yes,Yes,Moderate,Yes,Yes,Yes,Yes,Chronic
176,40.8,Yes,Yes,Yes,Severe,No,Yes,Yes,No,Acute
177,39.3,Yes,Yes,Yes,Mild,Yes,Yes,Yes,Yes,Chronic
178,39.3,Yes,Yes,Yes,Mild,Yes,Yes,Yes,Yes,Chronic
179,38.5,No,Yes,Yes,None,Yes,No,Yes,No,Piroplasm
180,38.5,Yes,Yes,Yes,Moderate,Yes,Yes,Yes,Yes,Chronic
181,38.7,Yes,Yes,Yes,Mild,Yes,Yes,Yes,Yes,Chronic
182,37.2,No,No,No,None,No,No,No,No,Infection
183,39.8,Yes,Yes,Yes,Moderate,No,Yes,Yes,No,Acute
184,38.6,Yes,Yes,Yes,Mild,Yes,Yes,Yes,Yes,Chronic
185,38.2,Yes,Yes,Yes,Moderate,Yes,Yes,Yes,Yes,Chronic
186,40.6,Yes,Yes,Yes,Moderate,No,Yes,Yes,Yes,Acute
187,37.8,No,No,No,None,No,No,No,No,Infection
188,40.5,Yes,Yes,Yes,Moderate,No,Yes,Yes,No,Acute
189,41.0,Yes,Yes,Yes,Moderate,No,Yes,Yes,Yes,Acute
190,38.9,No,Yes,Yes,None,Yes,No,Yes,No,Piroplasm
191,38.6,No,Yes,Yes,None,Yes,No,Yes,No,Piroplasm
192,38.5,Yes,Yes,Yes,Mild,Yes,Yes,Yes,Yes,Chronic
193,40.7,Yes,Yes,Yes,Severe,No,Yes,Yes,No,Acute
194,37.7,No,No,No,None,No,No,No,No,Infection
195,37.5,No,No,No,None,No,No,No,No,Infection
196,38.8,No,Yes,Yes,None,Yes,No,Yes,No,Piroplasm
197,39.8,Yes,Yes,Yes,Moderate,No,Yes,Yes,No,Acute
198,38.9,Yes,Yes,Yes,Moderate,Yes,Yes,Yes,Yes,Chronic
199,38.5,Yes,Yes,Yes,Moderate,Yes,Yes,Yes,Yes,Chronic
200,40.9,Yes,Yes,Yes,Severe,No,Yes,Yes,Yes,Acute
201,37.2,No,No,No,None,No,No,No,No,Infection
202,38.2,No,Yes,Yes,None,Yes,No,Yes,No,Piroplasm
203,37.2,No,No,No,None,No,No,No,No,Infection
204,38.5,Yes,Yes,Yes,Mild,Yes,Yes,Yes,Yes,Chronic
205,38.2,No,Yes,Yes,None,Yes,No,Yes,No,Piroplasm
206,37.7,No,No,No,None,No,No,No,No,Infection
207,37.2,No,No,No,None,No,No,No,No,Infection
208,38.0,No,Yes,Yes,None,Yes,No,Yes,No,Piroplasm
209,37.1,No,No,No,None,No,No,No,No,Infection
210,37.2,No,No,No,None,No,No,No,No,Infection
211,38.7,No,Yes,Yes,None,Yes,No,Yes,No,Piroplasm
212,38.1,Yes,Yes,Yes,Moderate,Yes,Yes,Yes,Yes,Chronic
213,37.5,No,No,No,None,No,No,No,No,Infection
214,38.9,Yes,Yes,Yes,Mild,Yes,Yes,Yes,Yes,Chronic
215,39.7,Yes,Yes,Yes,Severe,No,Yes,Yes,Yes,Acute
216,39.0,Yes,Yes,Yes,Mild,Yes,Yes,Yes,Yes,Chronic
217,38.3,Yes,Yes,Yes,Mild,Yes,Yes,Yes,Yes,Chronic
218,38.6,Yes,Yes,Yes,Mild,Yes,Yes,Yes,Yes,Chronic
219,38.5,No,Yes,Yes,None,Yes,No,Yes,No,Piroplasm
220,38.4,No,Yes,Yes,None,Yes,No,Yes,No,Piroplasm
221,39.0,No,Yes,Yes,None,Yes,No,Yes,No,Piroplasm
222,38.7,Yes,Yes,Yes,Moderate,Yes,Yes,Yes,Yes,Chronic
223,40.2,Yes,Yes,Yes,Moderate,No,Yes,Yes,No,Acute
224,37.9,No,No,No,None,No,No,No,No,Infection
225,37.8,No,No,No,None,No,No,No,No,Infection
226,38.4,No,Yes,Yes,None,Yes,No,Yes,No,Piroplasm
227,38.6,Yes,Yes,Yes,Mild,Yes,Yes,Yes,Yes,Chronic
228,39.8,Yes,Yes,Yes,Severe,No,Yes,Yes,No,Acute
229,40.8,Yes,Yes,Yes,Severe,No,Yes,Yes,Yes,Acute
230,38.7,No,Yes,Yes,None,Yes,No,Yes,No,Piroplasm
231,38.3,No,Yes,Yes,None,Yes,No,Yes,No,Piroplasm
232,37.8,No,No,No,None,No,No,No,No,Infection
233,39.7,Yes,Yes,Yes,Moderate,No,Yes,Yes,Yes,Acute
234,37.7,No,No,No,None,No,No,No,No,Infection
235,37.6,No,No,No,None,No,No,No,No,Infection
236,39.2,Yes,Yes,Yes,Mild,Yes,Yes,Yes,Yes,Chronic
237,38.9,No,Yes,Yes,None,Yes,No,Yes,No,Piroplasm
238,37.3,No,No,No,None,No,No,No,No,Infection
239,37.9,No,No,No,None,No,No,No,No,Infection
240,39.7,Yes,Yes,Yes,Severe,No,Yes,Yes,No,Acute
241,38.5,Yes,Yes,Yes,Moderate,Yes,Yes,Yes,Yes,Chronic
242,38.0,No,Yes,Yes,None,Yes,No,Yes,No,Piroplasm
243,38.3,No,Yes,Yes,None,Yes,No,Yes,No,Piroplasm
244,37.9,No,No,No,None,No,No,No,No,Infection
245,39.3,Yes,Yes,Yes,Moderate,Yes,Yes,Yes,Yes,Chronic
246,40.8,Yes,Yes,Yes,Moderate,No,Yes,Yes,No,Acute
247,38.0,No,No,No,None,No,No,No,No,Infection
248,37.9,No,No,No,None,No,No,No,No,Infection
249,37.6,No,No,No,None,No,No,No,No,Infection
250,37.1,No,No,No,None,No,No,No,No,Infection
251,37.1,No,No,No,None,No,No,No,No,Infection
252,39.0,No,Yes,Yes,None,Yes,No,Yes,No,Piroplasm
253,38.5,No,Yes,Yes,None,Yes,No,Yes,No,Piroplasm
254,38.3,Yes,Yes,Yes,Moderate,Yes,Yes,Yes,Yes,Chronic
255,39.3,Yes,Yes,Yes,Moderate,Yes,Yes,Yes,Yes,Chronic
256,38.9,No,Yes,Yes,None,Yes,No,Yes,No,Piroplasm
257,37.8,No,No,No,None,No,No,No,No,Infection
258,37.8,No,No,No,None,No,No,No,No,Infection
259,38.2,Yes,Yes,Yes,Moderate,Yes,Yes,Yes,Yes,Chronic
260,38.2,No,Yes,Yes,None,Yes,No,Yes,No,Piroplasm
261,37.3,No,No,No,None,No,No,No,No,Infection
262,38.2,No,Yes,Yes,None,Yes,No,Yes,No,Piroplasm
263,37.5,No,No,No,None,No,No,No,No,Infection
264,39.7,Yes,Yes,Yes,Severe,No,Yes,Yes,Yes,Acute
265,38.1,No,Yes,Yes,None,Yes,No,Yes,No,Piroplasm
266,38.2,Yes,Yes,Yes,Moderate,Yes,Yes,Yes,Yes,Chronic
267,37.8,No,No,No,None,No,No,No,No,Infection
268,38.8,No,Yes,Yes,None,Yes,No,Yes,No,Piroplasm
269,38.7,Yes,Yes,Yes,Mild,Yes,Yes,Yes,Yes,Chronic
270,37.6,No,No,No,None,No,No,No,No,Infection
271,37.2,No,No,No,None,No,No,No,No,Infection
272,38.9,No,Yes,Yes,None,Yes,No,Yes,No,Piroplasm
273,38.5,Yes,Yes,Yes,Moderate,Yes,Yes,Yes,Yes,Chronic
274,38.9,Yes,Yes,Yes,Moderate,Yes,Yes,Yes,Yes,Chronic
275,37.9,No,No,No,None,No,No,No,No,Infection
276,38.0,No,Yes,Yes,None,Yes,No,Yes,No,Piroplasm
277,38.8,Yes,Yes,Yes,Mild,Yes,Yes,Yes,Yes,Chronic
278,39.0,Yes,Yes,Yes,Mild,Yes,Yes,Yes,Yes,Chronic
279,40.7,Yes,Yes,Yes,Severe,No,Yes,Yes,Yes,Acute
280,39.4,Yes,Yes,Yes,Mild,Yes,Yes,Yes,Yes,Chronic
281,37.6,No,No,No,None,No,No,No,No,Infection
282,38.7,No,Yes,Yes,None,Yes,No,Yes,No,Piroplasm
283,40.9,Yes,Yes,Yes,Severe,No,Yes,Yes,Yes,Acute
284,40.4,Yes,Yes,Yes,Severe,No,Yes,Yes,Yes,Acute
285,39.3,Yes,Yes,Yes,Moderate,Yes,Yes,Yes,Yes,Chronic
286,38.4,No,Yes,Yes,None,Yes,No,Yes,No,Piroplasm
287,39.6,Yes,Yes,Yes,Severe,No,Yes,Yes,Yes,Acute
288,37.4,No,No,No,None,No,No,No,No,Infection
289,39.2,Yes,Yes,Yes,Mild,Yes,Yes,Yes,Yes,Chronic
290,38.0,No,No,No,None,No,No,No,No,Infection
291,37.9,No,No,No,None,No,No,No,No,Infection
292,40.2,Yes,Yes,Yes,Severe,No,Yes,Yes,Yes,Acute
293,39.7,Yes,Yes,Yes,Moderate,No,Yes,Yes,Yes,Acute
294,38.7,Yes,Yes,Yes,Moderate,Yes,Yes,Yes,Yes,Chronic
295,39.6,Yes,Yes,Yes,Severe,No,Yes,Yes,Yes,Acute
296,37.9,No,No,No,None,No,No,No,No,Infection
297,37.6,No,No,No,None,No,No,No,No,Infection
298,38.5,No,Yes,Yes,None,Yes,No,Yes,No,Piroplasm
299,40.8,Yes,Yes,Yes,Moderate,No,Yes,Yes,No,Acute
300,40.3,Yes,Yes,Yes,Severe,No,Yes,Yes,Yes,Acute
301,38.3,No,Yes,Yes,None,Yes,No,Yes,No,Piroplasm
302,38.4,No,Yes,Yes,None,Yes,No,Yes,No,Piroplasm
303,39.0,Yes,Yes,Yes,Moderate,Yes,Yes,Yes,Yes,Chronic
304,39.4,Yes,Yes,Yes,Moderate,Yes,Yes,Yes,Yes,Chronic
305,39.0,No,Yes,Yes,None,Yes,No,Yes,No,Piroplasm
306,38.0,No,Yes,Yes,None,Yes,No,Yes,No,Piroplasm
307,37.1,No,No,No,None,No,No,No,No,Infection
308,38.7,Yes,Yes,Yes,Moderate,Yes,Yes,Yes,Yes,Chronic
309,40.4,Yes,Yes,Yes,Moderate,No,Yes,Yes,No,Acute
310,37.9,No,No,No,None,No,No,No,No,Infection
311,38.3,No,Yes,Yes,None,Yes,No,Yes,No,Piroplasm
312,37.5,No,No,No,None,No,No,No,No,Infection
313,40.8,Yes,Yes,Yes,Severe,No,Yes,Yes,No,Acute
314,38.7,Yes,Yes,Yes,Mild,Yes,Yes,Yes,Yes,Chronic
315,40.6,Yes,Yes,Yes,Moderate,No,Yes,Yes,No,Acute
316,37.6,No,No,No,None,No,No,No,No,Infection
317,37.3,No,No,No,None,No,No,No,No,Infection
318,38.6,Yes,Yes,Yes,Moderate,Yes,Yes,Yes,Yes,Chronic
319,38.7,Yes,Yes,Yes,Moderate,Yes,Yes,Yes,Yes,Chronic
320,40.3,Yes,Yes,Yes,Moderate,No,Yes,Yes,Yes,Acute
321,39.2,Yes,Yes,Yes,Moderate,Yes,Yes,Yes,Yes,Chronic
322,39.0,No,Yes,Yes,None,Yes,No,Yes,No,Piroplasm
323,40.3,Yes,Yes,Yes,Severe,No,Yes,Yes,Yes,Acute
324,38.2,No,Yes,Yes,None,Yes,No,Yes,No,Piroplasm
325,37.9,No,No,No,None,No,No,No,No,Infection
326,37.7,No,No,No,None,No,No,No,No,Infection
327,38.4,Yes,Yes,Yes,Moderate,Yes,Yes,Yes,Yes,Chronic
328,38.2,No,Yes,Yes,None,Yes,No,Yes,No,Piroplasm
329,41.0,Yes,Yes,Yes,Severe,No,Yes,Yes,Yes,Acute
330,38.3,No,Yes,Yes,None,Yes,No,Yes,No,Piroplasm
331,38.7,No,Yes,Yes,None,Yes,No,Yes,No,Piroplasm
332,39.8,Yes,Yes,Yes,Severe,No,Yes,Yes,No,Acute
333,38.6,Yes,Yes,Yes,Mild,Yes,Yes,Yes,Yes,Chronic
334,39.9,Yes,Yes,Yes,Moderate,No,Yes,Yes,No,Acute
335,37.6,No,No,No,None,No,No,No,No,Infection
336,38.1,No,Yes,Yes,None,Yes,No,Yes,No,Piroplasm
337,38.8,No,Yes,Yes,None,Yes,No,Yes,No,Piroplasm
338,38.0,No,Yes,Yes,None,Yes,No,Yes,No,Piroplasm
339,38.7,Yes,Yes,Yes,Moderate,Yes,Yes,Yes,Yes,Chronic
340,40.1,Yes,Yes,Yes,Severe,No,Yes,Yes,Yes,Acute
341,38.5,Yes,Yes,Yes,Moderate,Yes,Yes,Yes,Yes,Chronic
342,37.9,No,No,No,None,No,No,No,No,Infection
343,38.9,No,Yes,Yes,None,Yes,No,Yes,No,Piroplasm
344,40.0,Yes,Yes,Yes,Moderate,No,Yes,Yes,Yes,Acute
345,38.7,No,Yes,Yes,None,Yes,No,Yes,No,Piroplasm
346,40.7,Yes,Yes,Yes,Moderate,No,Yes,Yes,No,Acute
347,38.8,No,Yes,Yes,None,Yes,No,Yes,No,Piroplasm
348,37.9,No,No,No,None,No,No,No,No,Infection
349,38.6,No,Yes,Yes,None,Yes,No,Yes,No,Piroplasm
350,37.3,No,No,No,None,No,No,No,No,Infection
351,38.4,No,Yes,Yes,None,Yes,No,Yes,No,Piroplasm
352,39.7,Yes,Yes,Yes,Severe,No,Yes,Yes,No,Acute
353,39.0,Yes,Yes,Yes,Moderate,Yes,Yes,Yes,Yes,Chronic
354,37.3,No,No,No,None,No,No,No,No,Infection
355,39.3,Yes,Yes,Yes,Moderate,Yes,Yes,Yes,Yes,Chronic
356,39.0,No,Yes,Yes,None,Yes,No,Yes,No,Piroplasm
357,39.5,Yes,Yes,Yes,Moderate,No,Yes,Yes,No,Acute
358,38.1,No,Yes,Yes,None,Yes,No,Yes,No,Piroplasm
359,37.6,No,No,No,None,No,No,No,No,Infection
360,38.3,No,Yes,Yes,None,Yes,No,Yes,No,Piroplasm
361,37.3,No,No,No,None,No,No,No,No,Infection
362,37.5,No,No,No,None,No,No,No,No,Infection
363,39.3,Yes,Yes,Yes,Moderate,Yes,Yes,Yes,Yes,Chronic
364,38.1,No,Yes,Yes,None,Yes,No,Yes,No,Piroplasm
365,37.2,No,No,No,None,No,No,No,No,Infection
366,38.4,No,Yes,Yes,None,Yes,No,Yes,No,Piroplasm
367,38.0,Yes,Yes,Yes,Mild,Yes,Yes,Yes,Yes,Chronic
368,41.0,Yes,Yes,Yes,Moderate,No,Yes,Yes,Yes,Acute
369,38.7,No,Yes,Yes,None,Yes,No,Yes,No,Piroplasm
370,38.7,No,Yes,Yes,None,Yes,No,Yes,No,Piroplasm
371,37.9,No,No,No,None,No,No,No,No,Infection
372,39.5,Yes,Yes,Yes,Severe,No,Yes,Yes,No,Acute
373,38.7,Yes,Yes,Yes,Mild,Yes,Yes,Yes,Yes,Chronic
374,38.9,No,Yes,Yes,None,Yes,No,Yes,No,Piroplasm
375,38.0,No,Yes,Yes,None,Yes,No,Yes,No,Piroplasm
376,38.9,No,Yes,Yes,None,Yes,No,Yes,No,Piroplasm
377,37.3,No,No,No,None,No,No,No,No,Infection
378,37.5,No,No,No,None,No,No,No,No,Infection
379,38.7,No,Yes,Yes,None,Yes,No,Yes,No,Piroplasm
380,38.9,Yes,Yes,Yes,Mild,Yes,Yes,Yes,Yes,Chronic
381,39.8,Yes,Yes,Yes,Moderate,No,Yes,Yes,Yes,Acute
382,37.8,No,No,No,None,No,No,No,No,Infection
383,38.6,Yes,Yes,Yes,Mild,Yes,Yes,Yes,Yes,Chronic
384,39.8,Yes,Yes,Yes,Moderate,No,Yes,Yes,No,Acute
385,38.4,No,Yes,Yes,None,Yes,No,Yes,No,Piroplasm
386,40.4,Yes,Yes,Yes,Moderate,No,Yes,Yes,Yes,Acute
387,38.4,Yes,Yes,Yes,Moderate,Yes,Yes,Yes,Yes,Chronic
388,37.7,No,No,No,None,No,No,No,No,Infection
389,40.2,Yes,Yes,Yes,Moderate,No,Yes,Yes,No,Acute
390,38.8,No,Yes,Yes,None,Yes,No,Yes,No,Piroplasm
391,39.3,Yes,Yes,Yes,Mild,Yes,Yes,Yes,Yes,Chronic
392,38.2,No,Yes,Yes,None,Yes,No,Yes,No,Piroplasm
393,38.5,No,Yes,Yes,None,Yes,No,Yes,No,Piroplasm
394,39.9,Yes,Yes,Yes,Severe,No,Yes,Yes,Yes,Acute
395,39.2,Yes,Yes,Yes,Moderate,Yes,Yes,Yes,Yes,Chronic
396,38.8,No,Yes,Yes,None,Yes,No,Yes,No,Piroplasm
397,41.0,Yes,Yes,Yes,Severe,No,Yes,Yes,Yes,Acute
398,40.4,Yes,Yes,Yes,Severe,No,Yes,Yes,No,Acute
399,38.8,Yes,Yes,Yes,Mild,Yes,Yes,Yes,Yes,Chronic
400,37.9,No,No,No,None,No,No,No,No,Infection
401,39.3,Yes,Yes,Yes,Mild,Yes,Yes,Yes,Yes,Chronic
402,39.5,Yes,Yes,Yes,Severe,No,Yes,Yes,Yes,Acute
403,37.5,No,No,No,None,No,No,No,No,Infection
404,37.7,No,No,No,None,No,No,No,No,Infection
405,37.5,No,No,No,None,No,No,No,No,Infection
406,38.3,No,Yes,Yes,None,Yes,No,Yes,No,Piroplasm
407,39.9,Yes,Yes,Yes,Moderate,No,Yes,Yes,No,Acute
408,38.7,No,Yes,Yes,None,Yes,No,Yes,No,Piroplasm
409,37.9,No,No,No,None,No,No,No,No,Infection
410,40.2,Yes,Yes,Yes,Moderate,No,Yes,Yes,Yes,Acute
411,39.8,Yes,Yes,Yes,Severe,No,Yes,Yes,Yes,Acute
412,38.0,No,Yes,Yes,None,Yes,No,Yes,No,Piroplasm
413,37.5,No,No,No,None,No,No,No,No,Infection
414,40.9,Yes,Yes,Yes,Severe,No,Yes,Yes,No,Acute
415,40.8,Yes,Yes,Yes,Severe,No,Yes,Yes,No,Acute
416,40.1,Yes,Yes,Yes,Severe,No,Yes,Yes,No,Acute
417,37.6,No,No,No,None,No,No,No,No,Infection
418,38.0,No,No,No,None,No,No,No,No,Infection
419,40.6,Yes,Yes,Yes,Severe,No,Yes,Yes,Yes,Acute
420,38.3,No,Yes,Yes,None,Yes,No,Yes,No,Piroplasm
421,40.0,Yes,Yes,Yes,Severe,No,Yes,Yes,Yes,Acute
422,38.2,No,Yes,Yes,None,Yes,No,Yes,No,Piroplasm
423,38.7,No,Yes,Yes,None,Yes,No,Yes,No,Piroplasm
424,38.8,Yes,Yes,Yes,Moderate,Yes,Yes,Yes,Yes,Chronic
425,38.4,Yes,Yes,Yes,Mild,Yes,Yes,Yes,Yes,Chronic
426,38.5,No,Yes,Yes,None,Yes,No,Yes,No,Piroplasm
427,39.1,Yes,Yes,Yes,Mild,Yes,Yes,Yes,Yes,Chronic
428,39.8,Yes,Yes,Yes,Moderate,No,Yes,Yes,No,Acute
429,38.9,Yes,Yes,Yes,Moderate,Yes,Yes,Yes,Yes,Chronic
430,39.4,Yes,Yes,Yes,Mild,Yes,Yes,Yes,Yes,Chronic
431,40.2,Yes,Yes,Yes,Moderate,No,Yes,Yes,No,Acute
432,39.3,Yes,Yes,Yes,Moderate,Yes,Yes,Yes,Yes,Chronic
433,38.2,No,Yes,Yes,None,Yes,No,Yes,No,Piroplasm
434,37.2,No,No,No,None,No,No,No,No,Infection
435,39.0,Yes,Yes,Yes,Mild,Yes,Yes,Yes,Yes,Chronic
436,38.8,No,Yes,Yes,None,Yes,No,Yes,No,Piroplasm
437,38.0,Yes,Yes,Yes,Mild,Yes,Yes,Yes,Yes,Chronic
438,37.6,No,No,No,None,No,No,No,No,Infection
439,37.5,No,No,No,None,No,No,No,No,Infection
440,38.9,Yes,Yes,Yes,Moderate,Yes,Yes,Yes,Yes,Chronic
441,38.5,No,Yes,Yes,None,Yes,No,Yes,No,Piroplasm
442,38.1,Yes,Yes,Yes,Mild,Yes,Yes,Yes,Yes,Chronic
443,40.1,Yes,Yes,Yes,Severe,No,Yes,Yes,Yes,Acute
444,37.7,No,No,No,None,No,No,No,No,Infection
445,39.0,No,Yes,Yes,None,Yes,No,Yes,No,Piroplasm
446,40.0,Yes,Yes,Yes,Moderate,No,Yes,Yes,Yes,Acute
447,37.5,No,No,No,None,No,No,No,No,Infection
448,38.9,Yes,Yes,Yes,Moderate,Yes,Yes,Yes,Yes,Chronic
449,40.5,Yes,Yes,Yes,Moderate,No,Yes,Yes,No,Acute
450,37.6,No,No,No,None,No,No,No,No,Infection
451,38.7,No,Yes,Yes,None,Yes,No,Yes,No,Piroplasm
452,38.5,Yes,Yes,Yes,Mild,Yes,Yes,Yes,Yes,Chronic
453,37.3,No,No,No,None,No,No,No,No,Infection
454,39.5,Yes,Yes,Yes,Mild,Yes,Yes,Yes,Yes,Chronic
455,37.6,No,No,No,None,No,No,No,No,Infection
456,40.7,Yes,Yes,Yes,Moderate,No,Yes,Yes,No,Acute
457,38.1,Yes,Yes,Yes,Mild,Yes,Yes,Yes,Yes,Chronic
458,39.3,Yes,Yes,Yes,Moderate,Yes,Yes,Yes,Yes,Chronic
459,38.5,No,Yes,Yes,None,Yes,No,Yes,No,Piroplasm
460,37.9,No,No,No,None,No,No,No,No,Infection
461,38.7,No,Yes,Yes,None,Yes,No,Yes,No,Piroplasm
462,39.4,Yes,Yes,Yes,Moderate,Yes,Yes,Yes,Yes,Chronic
463,38.8,No,Yes,Yes,None,Yes,No,Yes,No,Piroplasm
464,38.8,Yes,Yes,Yes,Mild,Yes,Yes,Yes,Yes,Chronic
465,37.1,No,No,No,None,No,No,No,No,Infection
466,38.7,Yes,Yes,Yes,Moderate,Yes,Yes,Yes,Yes,Chronic
467,38.3,No,Yes,Yes,None,Yes,No,Yes,No,Piroplasm
468,39.0,No,Yes,Yes,None,Yes,No,Yes,No,Piroplasm
469,40.7,Yes,Yes,Yes,Moderate,No,Yes,Yes,Yes,Acute
470,39.0,Yes,Yes,Yes,Moderate,Yes,Yes,Yes,Yes,Chronic
471,38.7,Yes,Yes,Yes,Moderate,Yes,Yes,Yes,Yes,Chronic
472,38.5,No,Yes,Yes,None,Yes,No,Yes,No,Piroplasm
473,38.0,No,Yes,Yes,None,Yes,No,Yes,No,Piroplasm
474,39.3,Yes,Yes,Yes,Mild,Yes,Yes,Yes,Yes,Chronic
475,37.1,No,No,No,None,No,No,No,No,Infection
476,38.8,No,Yes,Yes,None,Yes,No,Yes,No,Piroplasm
477,38.5,Yes,Yes,Yes,Moderate,Yes,Yes,Yes,Yes,Chronic
478,37.0,No,No,No,None,No,No,No,No,Infection
479,38.4,Yes,Yes,Yes,Moderate,Yes,Yes,Yes,Yes,Chronic
480,38.1,Yes,Yes,Yes,Moderate,Yes,Yes,Yes,Yes,Chronic
481,39.9,Yes,Yes,Yes,Moderate,No,Yes,Yes,No,Acute
482,39.8,Yes,Yes,Yes,Severe,No,Yes,Yes,Yes,Acute
483,38.6,No,Yes,Yes,None,Yes,No,Yes,No,Piroplasm
484,40.5,Yes,Yes,Yes,Moderate,No,Yes,Yes,Yes,Acute
485,38.7,No,Yes,Yes,None,Yes,No,Yes,No,Piroplasm
486,38.4,Yes,Yes,Yes,Moderate,Yes,Yes,Yes,Yes,Chronic
487,37.3,No,No,No,None,No,No,No,No,Infection
488,37.8,No,No,No,None,No,No,No,No,Infection
489,38.2,No,Yes,Yes,None,Yes,No,Yes,No,Piroplasm
490,40.5,Yes,Yes,Yes,Moderate,No,Yes,Yes,No,Acute
491,38.9,No,Yes,Yes,None,Yes,No,Yes,No,Piroplasm
492,37.1,No,No,No,None,No,No,No,No,Infection
493,41.0,Yes,Yes,Yes,Severe,No,Yes,Yes,Yes,Acute
494,38.1,No,Yes,Yes,None,Yes,No,Yes,No,Piroplasm
495,38.1,Yes,Yes,Yes,Mild,Yes,Yes,Yes,Yes,Chronic
496,37.8,No,No,No,None,No,No,No,No,Infection
497,38.3,Yes,Yes,Yes,Moderate,Yes,Yes,Yes,Yes,Chronic
498,37.1,No,No,No,None,No,No,No,No,Infection
499,40.8,Yes,Yes,Yes,Severe,No,Yes,Yes,Yes,Acute
500,38.3,No,Yes,Yes,None,Yes,No,Yes,No,Piroplasm
501,40.7,Yes,Yes,Yes,Severe,No,Yes,Yes,Yes,Acute
502,38.7,No,Yes,Yes,None,Yes,No,Yes,No,Piroplasm
503,37.0,No,No,No,None,No,No,No,No,Infection
504,38.1,No,Yes,Yes,None,Yes,No,Yes,No,Piroplasm
505,40.8,Yes,Yes,Yes,Moderate,No,Yes,Yes,No,Acute
506,38.1,Yes,Yes,Yes,Moderate,Yes,Yes,Yes,Yes,Chronic
507,37.2,No,No,No,None,No,No,No,No,Infection
508,38.3,Yes,Yes,Yes,Moderate,Yes,Yes,Yes,Yes,Chronic
509,37.3,No,No,No,None,No,No,No,No,Infection
510,40.4,Yes,Yes,Yes,Moderate,No,Yes,Yes,Yes,Acute
511,39.5,Yes,Yes,Yes,Mild,Yes,Yes,Yes,Yes,Chronic
512,39.8,Yes,Yes,Yes,Severe,No,Yes,Yes,Yes,Acute
513,40.5,Yes,Yes,Yes,Severe,No,Yes,Yes,No,Acute
514,40.7,Yes,Yes,Yes,Moderate,No,Yes,Yes,Yes,Acute
515,39.2,Yes,Yes,Yes,Mild,Yes,Yes,Yes,Yes,Chronic
516,38.9,No,Yes,Yes,None,Yes,No,Yes,No,Piroplasm
517,38.1,No,Yes,Yes,None,Yes,No,Yes,No,Piroplasm
518,38.3,No,Yes,Yes,None,Yes,No,Yes,No,Piroplasm
519,40.0,Yes,Yes,Yes,Moderate,No,Yes,Yes,Yes,Acute
520,40.7,Yes,Yes,Yes,Severe,No,Yes,Yes,Yes,Acute
521,39.0,Yes,Yes,Yes,Mild,Yes,Yes,Yes,Yes,Chronic
522,39.4,Yes,Yes,Yes,Moderate,Yes,Yes,Yes,Yes,Chronic
523,40.4,Yes,Yes,Yes,Moderate,No,Yes,Yes,Yes,Acute
524,38.9,No,Yes,Yes,None,Yes,No,Yes,No,Piroplasm
525,39.7,Yes,Yes,Yes,Severe,No,Yes,Yes,No,Acute
526,38.7,Yes,Yes,Yes,Mild,Yes,Yes,Yes,Yes,Chronic
527,38.3,Yes,Yes,Yes,Mild,Yes,Yes,Yes,Yes,Chronic
528,38.8,No,Yes,Yes,None,Yes,No,Yes,No,Piroplasm
529,37.6,No,No,No,None,No,No,No,No,Infection
530,39.9,Yes,Yes,Yes,Severe,No,Yes,Yes,Yes,Acute
531,38.5,Yes,Yes,Yes,Moderate,Yes,Yes,Yes,Yes,Chronic
532,38.5,Yes,Yes,Yes,Mild,Yes,Yes,Yes,Yes,Chronic
533,37.6,No,No,No,None,No,No,No,No,Infection
534,38.1,No,Yes,Yes,None,Yes,No,Yes,No,Piroplasm
535,37.7,No,No,No,None,No,No,No,No,Infection
536,38.3,No,Yes,Yes,None,Yes,No,Yes,No,Piroplasm
537,38.6,No,Yes,Yes,None,Yes,No,Yes,No,Piroplasm
538,39.0,Yes,Yes,Yes,Mild,Yes,Yes,Yes,Yes,Chronic
539,40.5,Yes,Yes,Yes,Moderate,No,Yes,Yes,No,Acute
540,38.1,No,Yes,Yes,None,Yes,No,Yes,No,Piroplasm
541,38.0,No,Yes,Yes,None,Yes,No,Yes,No,Piroplasm
542,40.2,Yes,Yes,Yes,Severe,No,Yes,Yes,No,Acute
543,39.1,Yes,Yes,Yes,Mild,Yes,Yes,Yes,Yes,Chronic
544,38.5,No,Yes,Yes,None,Yes,No,Yes,No,Piroplasm
545,37.7,No,No,No,None,No,No,No,No,Infection
546,37.7,No,No,No,None,No,No,No,No,Infection
547,38.2,Yes,Yes,Yes,Mild,Yes,Yes,Yes,Yes,Chronic
548,40.8,Yes,Yes,Yes,Severe,No,Yes,Yes,No,Acute
549,37.4,No,No,No,None,No,No,No,No,Infection
550,37.4,No,No,No,None,No,No,No,No,Infection
551,39.0,Yes,Yes,Yes,Moderate,Yes,Yes,Yes,Yes,Chronic
552,37.1,No,No,No,None,No,No,No,No,Infection
553,37.9,No,No,No,None,No,No,No,No,Infection
554,40.4,Yes,Yes,Yes,Severe,No,Yes,Yes,Yes,Acute
555,37.9,No,No,No,None,No,No,No,No,Infection
556,38.9,Yes,Yes,Yes,Moderate,Yes,Yes,Yes,Yes,Chronic
557,38.9,Yes,Yes,Yes,Mild,Yes,Yes,Yes,Yes,Chronic
558,38.7,Yes,Yes,Yes,Mild,Yes,Yes,Yes,Yes,Chronic
559,37.4,No,No,No,None,No,No,No,No,Infection
560,40.7,Yes,Yes,Yes,Moderate,No,Yes,Yes,Yes,Acute
561,40.8,Yes,Yes,Yes,Moderate,No,Yes,Yes,Yes,Acute
562,38.2,Yes,Yes,Yes,Mild,Yes,Yes,Yes,Yes,Chronic
563,38.9,No,Yes,Yes,None,Yes,No,Yes,No,Piroplasm
564,39.6,Yes,Yes,Yes,Moderate,No,Yes,Yes,No,Acute
565,38.4,No,Yes,Yes,None,Yes,No,Yes,No,Piroplasm
566,40.7,Yes,Yes,Yes,Moderate,No,Yes,Yes,Yes,Acute
567,38.5,Yes,Yes,Yes,Moderate,Yes,Yes,Yes,Yes,Chronic
568,38.8,No,Yes,Yes,None,Yes,No,Yes,No,Piroplasm
569,37.6,No,No,No,None,No,No,No,No,Infection
570,38.3,Yes,Yes,Yes,Mild,Yes,Yes,Yes,Yes,Chronic
571,38.2,No,Yes,Yes,None,Yes,No,Yes,No,Piroplasm
572,38.2,Yes,Yes,Yes,Moderate,Yes,Yes,Yes,Yes,Chronic
573,37.1,No,No,No,None,No,No,No,No,Infection
574,38.9,No,Yes,Yes,None,Yes,No,Yes,No,Piroplasm
575,38.4,No,Yes,Yes,None,Yes,No,Yes,No,Piroplasm
576,40.1,Yes,Yes,Yes,Moderate,No,Yes,Yes,Yes,Acute
577,38.4,No,Yes,Yes,None,Yes,No,Yes,No,Piroplasm
578,38.3,No,Yes,Yes,None,Yes,No,Yes,No,Piroplasm
579,38.9,No,Yes,Yes,None,Yes,No,Yes,No,Piroplasm
580,40.9,Yes,Yes,Yes,Moderate,No,Yes,Yes,No,Acute
581,38.1,No,Yes,Yes,None,Yes,No,Yes,No,Piroplasm
582,39.0,No,Yes,Yes,None,Yes,No,Yes,No,Piroplasm
583,38.6,No,Yes,Yes,None,Yes,No,Yes,No,Piroplasm
584,39.0,Yes,Yes,Yes,Mild,Yes,Yes,Yes,Yes,Chronic
585,40.6,Yes,Yes,Yes,Moderate,No,Yes,Yes,Yes,Acute
586,37.3,No,No,No,None,No,No,No,No,Infection
587,40.0,Yes,Yes,Yes,Moderate,No,Yes,Yes,Yes,Acute
588,38.0,No,No,No,None,No,No,No,No,Infection
589,38.1,No,Yes,Yes,None,Yes,No,Yes,No,Piroplasm
590,38.3,No,Yes,Yes,None,Yes,No,Yes,No,Piroplasm
591,38.4,No,Yes,Yes,None,Yes,No,Yes,No,Piroplasm
592,37.9,No,No,No,None,No,No,No,No,Infection
593,38.9,Yes,Yes,Yes,Moderate,Yes,Yes,Yes,Yes,Chronic
594,37.1,No,No,No,None,No,No,No,No,Infection
595,39.5,Yes,Yes,Yes,Mild,Yes,Yes,Yes,Yes,Chronic
596,38.1,Yes,Yes,Yes,Mild,Yes,Yes,Yes,Yes,Chronic
597,39.7,Yes,Yes,Yes,Severe,No,Yes,Yes,Yes,Acute
598,37.4,No,No,No,None,No,No,No,No,Infection
599,39.9,Yes,Yes,Yes,Moderate,No,Yes,Yes,Yes,Acute
600,37.2,No,No,No,None,No,No,No,No,Infection
601,37.5,No,No,No,None,No,No,No,No,Infection
602,38.5,No,Yes,Yes,None,Yes,No,Yes,No,Piroplasm
603,38.1,No,Yes,Yes,None,Yes,No,Yes,No,Piroplasm
604,40.9,Yes,Yes,Yes,Moderate,No,Yes,Yes,No,Acute
605,38.7,Yes,Yes,Yes,Moderate,Yes,Yes,Yes,Yes,Chronic
606,37.7,No,No,No,None,No,No,No,No,Infection
607,38.3,No,Yes,Yes,None,Yes,No,Yes,No,Piroplasm
608,38.4,No,Yes,Yes,None,Yes,No,Yes,No,Piroplasm
609,40.0,Yes,Yes,Yes,Moderate,No,Yes,Yes,No,Acute
610,38.9,Yes,Yes,Yes,Moderate,Yes,Yes,Yes,Yes,Chronic
611,38.8,Yes,Yes,Yes,Moderate,Yes,Yes,Yes,Yes,Chronic
612,39.6,Yes,Yes,Yes,Moderate,No,Yes,Yes,No,Acute
613,39.9,Yes,Yes,Yes,Moderate,No,Yes,Yes,No,Acute
614,40.1,Yes,Yes,Yes,Severe,No,Yes,Yes,No,Acute
615,37.6,No,No,No,None,No,No,No,No,Infection
616,39.4,Yes,Yes,Yes,Moderate,Yes,Yes,Yes,Yes,Chronic
617,39.9,Yes,Yes,Yes,Severe,No,Yes,Yes,No,Acute
618,41.0,Yes,Yes,Yes,Moderate,No,Yes,Yes,Yes,Acute
619,37.0,No,No,No,None,No,No,No,No,Infection
620,39.9,Yes,Yes,Yes,Severe,No,Yes,Yes,No,Acute
621,37.9,No,No,No,None,No,No,No,No,Infection
622,37.7,No,No,No,None,No,No,No,No,Infection
623,38.7,Yes,Yes,Yes,Mild,Yes,Yes,Yes,Yes,Chronic
624,37.5,No,No,No,None,No,No,No,No,Infection
625,38.7,No,Yes,Yes,None,Yes,No,Yes,No,Piroplasm
626,37.3,No,No,No,None,No,No,No,No,Infection
627,38.8,No,Yes,Yes,None,Yes,No,Yes,No,Piroplasm
628,39.2,Yes,Yes,Yes,Moderate,Yes,Yes,Yes,Yes,Chronic
629,37.1,No,No,No,None,No,No,No,No,Infection
630,38.0,No,No,No,None,No,No,No,No,Infection
631,38.8,No,Yes,Yes,None,Yes,No,Yes,No,Piroplasm
632,40.6,Yes,Yes,Yes,Severe,No,Yes,Yes,Yes,Acute
633,39.3,Yes,Yes,Yes,Moderate,Yes,Yes,Yes,Yes,Chronic
634,37.3,No,No,No,None,No,No,No,No,Infection
635,40.7,Yes,Yes,Yes,Moderate,No,Yes,Yes,Yes,Acute
636,39.1,Yes,Yes,Yes,Moderate,Yes,Yes,Yes,Yes,Chronic
637,38.7,No,Yes,Yes,None,Yes,No,Yes,No,Piroplasm
638,39.3,Yes,Yes,Yes,Moderate,Yes,Yes,Yes,Yes,Chronic
639,38.7,Yes,Yes,Yes,Moderate,Yes,Yes,Yes,Yes,Chronic
640,37.3,No,No,No,None,No,No,No,No,Infection
641,38.7,Yes,Yes,Yes,Mild,Yes,Yes,Yes,Yes,Chronic
642,40.6,Yes,Yes,Yes,Severe,No,Yes,Yes,No,Acute
643,38.2,No,Yes,Yes,None,Yes,No,Yes,No,Piroplasm
644,37.7,No,No,No,None,No,No,No,No,Infection
645,40.0,Yes,Yes,Yes,Moderate,No,Yes,Yes,Yes,Acute
646,38.7,Yes,Yes,Yes,Moderate,Yes,Yes,Yes,Yes,Chronic
647,37.7,No,No,No,None,No,No,No,No,Infection
648,37.2,No,No,No,None,No,No,No,No,Infection
649,38.8,No,Yes,Yes,None,Yes,No,Yes,No,Piroplasm
650,38.8,No,Yes,Yes,None,Yes,No,Yes,No,Piroplasm
651,38.5,Yes,Yes,Yes,Moderate,Yes,Yes,Yes,Yes,Chronic
652,38.1,No,Yes,Yes,None,Yes,No,Yes,No,Piroplasm
653,37.2,No,No,No,None,No,No,No,No,Infection
654,38.3,No,Yes,Yes,None,Yes,No,Yes,No,Piroplasm
655,37.8,No,No,No,None,No,No,No,No,Infection
656,38.1,Yes,Yes,Yes,Mild,Yes,Yes,Yes,Yes,Chronic
657,40.7,Yes,Yes,Yes,Moderate,No,Yes,Yes,Yes,Acute
658,41.0,Yes,Yes,Yes,Moderate,No,Yes,Yes,No,Acute
659,40.0,Yes,Yes,Yes,Moderate,No,Yes,Yes,No,Acute
660,39.9,Yes,Yes,Yes,Severe,No,Yes,Yes,No,Acute
661,37.8,No,No,No,None,No,No,No,No,Infection
662,38.6,No,Yes,Yes,None,Yes,No,Yes,No,Piroplasm
663,38.4,Yes,Yes,Yes,Mild,Yes,Yes,Yes,Yes,Chronic
664,37.2,No,No,No,None,No,No,No,No,Infection
665,40.0,Yes,Yes,Yes,Moderate,No,Yes,Yes,Yes,Acute
666,38.2,No,Yes,Yes,None,Yes,No,Yes,No,Piroplasm
667,37.4,No,No,No,None,No,No,No,No,Infection
668,38.7,No,Yes,Yes,None,Yes,No,Yes,No,Piroplasm
669,37.2,No,No,No,None,No,No,No,No,Infection
670,38.2,Yes,Yes,Yes,Mild,Yes,Yes,Yes,Yes,Chronic
671,39.5,Yes,Yes,Yes,Mild,Yes,Yes,Yes,Yes,Chronic
672,37.7,No,No,No,None,No,No,No,No,Infection
673,39.3,Yes,Yes,Yes,Mild,Yes,Yes,Yes,Yes,Chronic
674,37.6,No,No,No,None,No,No,No,No,Infection
675,40.0,Yes,Yes,Yes,Severe,No,Yes,Yes,No,Acute
676,39.5,Yes,Yes,Yes,Mild,Yes,Yes,Yes,Yes,Chronic
677,37.9,No,No,No,None,No,No,No,No,Infection
678,37.9,No,No,No,None,No,No,No,No,Infection
679,40.1,Yes,Yes,Yes,Severe,No,Yes,Yes,No,Acute
680,39.9,Yes,Yes,Yes,Moderate,No,Yes,Yes,No,Acute
681,38.6,No,Yes,Yes,None,Yes,No,Yes,No,Piroplasm
682,39.7,Yes,Yes,Yes,Severe,No,Yes,Yes,Yes,Acute
683,38.8,Yes,Yes,Yes,Mild,Yes,Yes,Yes,Yes,Chronic
684,40.1,Yes,Yes,Yes,Severe,No,Yes,Yes,No,Acute
685,37.6,No,No,No,None,No,No,No,No,Infection
686,37.8,No,No,No,None,No,No,No,No,Infection
687,37.4,No,No,No,None,No,No,No,No,Infection
688,39.3,Yes,Yes,Yes,Mild,Yes,Yes,Yes,Yes,Chronic
689,40.6,Yes,Yes,Yes,Severe,No,Yes,Yes,No,Acute
690,37.9,No,No,No,None,No,No,No,No,Infection
691,38.3,Yes,Yes,Yes,Moderate,Yes,Yes,Yes,Yes,Chronic
692,39.2,Yes,Yes,Yes,Mild,Yes,Yes,Yes,Yes,Chronic
693,38.4,No,Yes,Yes,None,Yes,No,Yes,No,Piroplasm
694,40.9,Yes,Yes,Yes,Severe,No,Yes,Yes,Yes,Acute
695,38.0,No,No,No,None,No,No,No,No,Infection
696,38.3,No,Yes,Yes,None,Yes,No,Yes,No,Piroplasm
697,39.0,No,Yes,Yes,None,Yes,No,Yes,No,Piroplasm
698,39.0,No,Yes,Yes,None,Yes,No,Yes,No,Piroplasm
699,38.7,No,Yes,Yes,None,Yes,No,Yes,No,Piroplasm
700,37.9,No,No,No,None,No,No,No,No,Infection
701,38.7,Yes,Yes,Yes,Moderate,Yes,Yes,Yes,Yes,Chronic
702,40.1,Yes,Yes,Yes,Severe,No,Yes,Yes,No,Acute
703,39.0,Yes,Yes,Yes,Moderate,Yes,Yes,Yes,Yes,Chronic
704,38.9,No,Yes,Yes,None,Yes,No,Yes,No,Piroplasm
705,37.2,No,No,No,None,No,No,No,No,Infection
706,38.3,No,Yes,Yes,None,Yes,No,Yes,No,Piroplasm
707,40.0,Yes,Yes,Yes,Severe,No,Yes,Yes,No,Acute
708,38.9,No,Yes,Yes,None,Yes,No,Yes,No,Piroplasm
709,39.7,Yes,Yes,Yes,Severe,No,Yes,Yes,Yes,Acute
710,37.7,No,No,No,None,No,No,No,No,Infection
711,37.7,No,No,No,None,No,No,No,No,Infection
712,38.2,Yes,Yes,Yes,Moderate,Yes,Yes,Yes,Yes,Chronic
713,38.3,Yes,Yes,Yes,Mild,Yes,Yes,Yes,Yes,Chronic
714,38.9,Yes,Yes,Yes,Moderate,Yes,Yes,Yes,Yes,Chronic
715,39.0,No,Yes,Yes,None,Yes,No,Yes,No,Piroplasm
716,38.5,Yes,Yes,Yes,Moderate,Yes,Yes,Yes,Yes,Chronic
717,37.8,No,No,No,None,No,No,No,No,Infection
718,38.4,Yes,Yes,Yes,Moderate,Yes,Yes,Yes,Yes,Chronic
719,38.2,No,Yes,Yes,None,Yes,No,Yes,No,Piroplasm
720,40.2,Yes,Yes,Yes,Moderate,No,Yes,Yes,No,Acute
721,37.5,No,No,No,None,No,No,No,No,Infection
722,40.5,Yes,Yes,Yes,Severe,No,Yes,Yes,No,Acute
723,37.4,No,No,No,None,No,No,No,No,Infection
724,38.6,Yes,Yes,Yes,Mild,Yes,Yes,Yes,Yes,Chronic
725,41.0,Yes,Yes,Yes,Moderate,No,Yes,Yes,Yes,Acute
726,38.0,No,Yes,Yes,None,Yes,No,Yes,No,Piroplasm
727,38.3,No,Yes,Yes,None,Yes,No,Yes,No,Piroplasm
728,39.6,Yes,Yes,Yes,Moderate,No,Yes,Yes,Yes,Acute
729,37.2,No,No,No,None,No,No,No,No,Infection
730,38.2,Yes,Yes,Yes,Mild,Yes,Yes,Yes,Yes,Chronic
731,38.2,No,Yes,Yes,None,Yes,No,Yes,No,Piroplasm
732,38.3,No,Yes,Yes,None,Yes,No,Yes,No,Piroplasm
733,37.3,No,No,No,None,No,No,No,No,Infection
734,38.7,No,Yes,Yes,None,Yes,No,Yes,No,Piroplasm
735,39.1,Yes,Yes,Yes,Mild,Yes,Yes,Yes,Yes,Chronic
736,37.4,No,No,No,None,No,No,No,No,Infection
737,37.9,No,No,No,None,No,No,No,No,Infection
738,39.5,Yes,Yes,Yes,Mild,Yes,Yes,Yes,Yes,Chronic
739,39.4,Yes,Yes,Yes,Mild,Yes,Yes,Yes,Yes,Chronic
740,37.4,No,No,No,None,No,No,No,No,Infection
741,39.2,Yes,Yes,Yes,Mild,Yes,Yes,Yes,Yes,Chronic
742,39.0,No,Yes,Yes,None,Yes,No,Yes,No,Piroplasm
743,40.0,Yes,Yes,Yes,Severe,No,Yes,Yes,No,Acute
744,38.1,No,Yes,Yes,None,Yes,No,Yes,No,Piroplasm
745,38.4,No,Yes,Yes,None,Yes,No,Yes,No,Piroplasm
746,39.0,No,Yes,Yes,None,Yes,No,Yes,No,Piroplasm
747,38.9,Yes,Yes,Yes,Mild,Yes,Yes,Yes,Yes,Chronic
748,39.0,Yes,Yes,Yes,Moderate,Yes,Yes,Yes,Yes,Chronic
749,38.0,Yes,Yes,Yes,Mild,Yes,Yes,Yes,Yes,Chronic
750,40.3,Yes,Yes,Yes,Moderate,No,Yes,Yes,Yes,Acute
751,40.9,Yes,Yes,Yes,Severe,No,Yes,Yes,No,Acute
752,37.9,No,No,No,None,No,No,No,No,Infection
753,37.9,No,No,No,None,No,No,No,No,Infection
754,38.2,No,Yes,Yes,None,Yes,No,Yes,No,Piroplasm
755,40.6,Yes,Yes,Yes,Severe,No,Yes,Yes,No,Acute
756,38.9,Yes,Yes,Yes,Mild,Yes,Yes,Yes,Yes,Chronic
757,37.8,No,No,No,None,No,No,No,No,Infection
758,40.5,Yes,Yes,Yes,Severe,No,Yes,Yes,No,Acute
759,38.8,No,Yes,Yes,None,Yes,No,Yes,No,Piroplasm
760,38.8,Yes,Yes,Yes,Mild,Yes,Yes,Yes,Yes,Chronic
761,38.0,No,No,No,None,No,No,No,No,Infection
762,40.0,Yes,Yes,Yes,Severe,No,Yes,Yes,Yes,Acute
763,40.2,Yes,Yes,Yes,Severe,No,Yes,Yes,No,Acute
764,39.6,Yes,Yes,Yes,Severe,No,Yes,Yes,Yes,Acute
765,38.3,No,Yes,Yes,None,Yes,No,Yes,No,Piroplasm
766,37.8,No,No,No,None,No,No,No,No,Infection
767,38.5,No,Yes,Yes,None,Yes,No,Yes,No,Piroplasm
768,40.6,Yes,Yes,Yes,Moderate,No,Yes,Yes,Yes,Acute
769,40.7,Yes,Yes,Yes,Severe,No,Yes,Yes,No,Acute
770,39.2,Yes,Yes,Yes,Moderate,Yes,Yes,Yes,Yes,Chronic
771,37.0,No,No,No,None,No,No,No,No,Infection
772,38.3,No,Yes,Yes,None,Yes,No,Yes,No,Piroplasm
773,38.9,No,Yes,Yes,None,Yes,No,Yes,No,Piroplasm
774,40.0,Yes,Yes,Yes,Moderate,No,Yes,Yes,Yes,Acute
775,38.6,No,Yes,Yes,None,Yes,No,Yes,No,Piroplasm
776,39.5,Yes,Yes,Yes,Severe,No,Yes,Yes,Yes,Acute
777,39.2,Yes,Yes,Yes,Mild,Yes,Yes,Yes,Yes,Chronic
778,38.0,Yes,Yes,Yes,Mild,Yes,Yes,Yes,Yes,Chronic
779,37.1,No,No,No,None,No,No,No,No,Infection
780,37.1,No,No,No,None,No,No,No,No,Infection
781,38.4,No,Yes,Yes,None,Yes,No,Yes,No,Piroplasm
782,38.8,No,Yes,Yes,None,Yes,No,Yes,No,Piroplasm
783,38.7,No,Yes,Yes,None,Yes,No,Yes,No,Piroplasm
784,39.4,Yes,Yes,Yes,Mild,Yes,Yes,Yes,Yes,Chronic
785,41.0,Yes,Yes,Yes,Severe,No,Yes,Yes,Yes,Acute
786,38.4,Yes,Yes,Yes,Mild,Yes,Yes,Yes,Yes,Chronic
787,38.2,No,Yes,Yes,None,Yes,No,Yes,No,Piroplasm
788,38.5,Yes,Yes,Yes,Mild,Yes,Yes,Yes,Yes,Chronic
789,40.6,Yes,Yes,Yes,Severe,No,Yes,Yes,No,Acute
790,40.2,Yes,Yes,Yes,Moderate,No,Yes,Yes,No,Acute
791,38.1,No,Yes,Yes,None,Yes,No,Yes,No,Piroplasm
792,37.5,No,No,No,None,No,No,No,No,Infection
793,37.4,No,No,No,None,No,No,No,No,Infection
794,38.5,Yes,Yes,Yes,Mild,Yes,Yes,Yes,Yes,Chronic
795,38.0,No,Yes,Yes,None,Yes,No,Yes,No,Piroplasm
796,40.2,Yes,Yes,Yes,Moderate,No,Yes,Yes,Yes,Acute
797,38.1,No,Yes,Yes,None,Yes,No,Yes,No,Piroplasm
798,37.1,No,No,No,None,No,No,No,No,Infection
799,40.1,Yes,Yes,Yes,Severe,No,Yes,Yes,Yes,Acute
800,38.5,No,Yes,Yes,None,Yes,No,Yes,No,Piroplasm
801,38.9,Yes,Yes,Yes,Moderate,Yes,Yes,Yes,Yes,Chronic
802,37.1,No,No,No,None,No,No,No,No,Infection
803,38.7,No,Yes,Yes,None,Yes,No,Yes,No,Piroplasm
804,37.9,No,No,No,None,No,No,No,No,Infection
805,40.3,Yes,Yes,Yes,Severe,No,Yes,Yes,No,Acute
806,39.0,Yes,Yes,Yes,Moderate,Yes,Yes,Yes,Yes,Chronic
807,39.8,Yes,Yes,Yes,Moderate,No,Yes,Yes,No,Acute
808,37.2,No,No,No,None,No,No,No,No,Infection
809,39.9,Yes,Yes,Yes,Moderate,No,Yes,Yes,Yes,Acute
810,38.7,No,Yes,Yes,None,Yes,No,Yes,No,Piroplasm
811,38.8,No,Yes,Yes,None,Yes,No,Yes,No,Piroplasm
812,38.3,No,Yes,Yes,None,Yes,No,Yes,No,Piroplasm
813,40.2,Yes,Yes,Yes,Severe,No,Yes,Yes,Yes,Acute
814,38.8,No,Yes,Yes,None,Yes,No,Yes,No,Piroplasm
815,38.9,Yes,Yes,Yes,Moderate,Yes,Yes,Yes,Yes,Chronic
816,38.9,Yes,Yes,Yes,Mild,Yes,Yes,Yes,Yes,Chronic
817,37.1,No,No,No,None,No,No,No,No,Infection
818,40.6,Yes,Yes,Yes,Moderate,No,Yes,Yes,Yes,Acute
819,38.8,No,Yes,Yes,None,Yes,No,Yes,No,Piroplasm
820,37.7,No,No,No,None,No,No,No,No,Infection
821,38.8,No,Yes,Yes,None,Yes,No,Yes,No,Piroplasm
822,39.2,Yes,Yes,Yes,Moderate,Yes,Yes,Yes,Yes,Chronic
823,37.2,No,No,No,None,No,No,No,No,Infection
824,38.6,No,Yes,Yes,None,Yes,No,Yes,No,Piroplasm
825,38.7,No,Yes,Yes,None,Yes,No,Yes,No,Piroplasm
826,38.0,No,No,No,None,No,No,No,No,Infection
827,40.9,Yes,Yes,Yes,Severe,No,Yes,Yes,No,Acute
828,38.6,Yes,Yes,Yes,Mild,Yes,Yes,Yes,Yes,Chronic
829,38.3,Yes,Yes,Yes,Mild,Yes,Yes,Yes,Yes,Chronic
830,40.6,Yes,Yes,Yes,Severe,No,Yes,Yes,Yes,Acute
831,38.6,Yes,Yes,Yes,Mild,Yes,Yes,Yes,Yes,Chronic
832,38.3,No,Yes,Yes,None,Yes,No,Yes,No,Piroplasm
833,38.5,No,Yes,Yes,None,Yes,No,Yes,No,Piroplasm
834,38.2,No,Yes,Yes,None,Yes,No,Yes,No,Piroplasm
835,38.4,No,Yes,Yes,None,Yes,No,Yes,No,Piroplasm
836,40.4,Yes,Yes,Yes,Severe,No,Yes,Yes,No,Acute
837,38.8,No,Yes,Yes,None,Yes,No,Yes,No,Piroplasm
838,37.8,No,No,No,None,No,No,No,No,Infection
839,37.2,No,No,No,None,No,No,No,No,Infection
840,40.2,Yes,Yes,Yes,Severe,No,Yes,Yes,Yes,Acute
841,40.9,Yes,Yes,Yes,Severe,No,Yes,Yes,No,Acute
842,37.4,No,No,No,None,No,No,No,No,Infection
843,37.2,No,No,No,None,No,No,No,No,Infection
844,40.5,Yes,Yes,Yes,Moderate,No,Yes,Yes,No,Acute
845,37.0,No,No,No,None,No,No,No,No,Infection
846,38.3,Yes,Yes,Yes,Mild,Yes,Yes,Yes,Yes,Chronic
847,38.5,Yes,Yes,Yes,Mild,Yes,Yes,Yes,Yes,Chronic
848,38.6,No,Yes,Yes,None,Yes,No,Yes,No,Piroplasm
849,38.6,No,Yes,Yes,None,Yes,No,Yes,No,Piroplasm
850,40.2,Yes,Yes,Yes,Moderate,No,Yes,Yes,No,Acute
851,38.9,Yes,Yes,Yes,Mild,Yes,Yes,Yes,Yes,Chronic
852,37.5,No,No,No,None,No,No,No,No,Infection
853,39.7,Yes,Yes,Yes,Severe,No,Yes,Yes,Yes,Acute
854,38.1,No,Yes,Yes,None,Yes,No,Yes,No,Piroplasm
855,38.3,No,Yes,Yes,None,Yes,No,Yes,No,Piroplasm
856,39.4,Yes,Yes,Yes,Mild,Yes,Yes,Yes,Yes,Chronic
857,37.7,No,No,No,None,No,No,No,No,Infection
858,37.8,No,No,No,None,No,No,No,No,Infection
859,38.4,Yes,Yes,Yes,Moderate,Yes,Yes,Yes,Yes,Chronic
860,37.4,No,No,No,None,No,No,No,No,Infection
861,37.9,No,No,No,None,No,No,No,No,Infection
862,37.2,No,No,No,None,No,No,No,No,Infection
863,40.9,Yes,Yes,Yes,Moderate,No,Yes,Yes,Yes,Acute
864,37.6,No,No,No,None,No,No,No,No,Infection
865,39.9,Yes,Yes,Yes,Severe,No,Yes,Yes,No,Acute
866,39.2,Yes,Yes,Yes,Moderate,Yes,Yes,Yes,Yes,Chronic
867,38.8,Yes,Yes,Yes,Mild,Yes,Yes,Yes,Yes,Chronic
868,39.8,Yes,Yes,Yes,Moderate,No,Yes,Yes,Yes,Acute
869,38.1,No,Yes,Yes,None,Yes,No,Yes,No,Piroplasm
870,40.8,Yes,Yes,Yes,Severe,No,Yes,Yes,No,Acute
871,38.8,Yes,Yes,Yes,Moderate,Yes,Yes,Yes,Yes,Chronic
872,39.5,Yes,Yes,Yes,Moderate,No,Yes,Yes,Yes,Acute
873,40.1,Yes,Yes,Yes,Moderate,No,Yes,Yes,No,Acute
874,38.4,Yes,Yes,Yes,Moderate,Yes,Yes,Yes,Yes,Chronic
875,37.4,No,No,No,None,No,No,No,No,Infection
876,39.2,Yes,Yes,Yes,Mild,Yes,Yes,Yes,Yes,Chronic
877,40.9,Yes,Yes,Yes,Severe,No,Yes,Yes,Yes,Acute
878,38.9,No,Yes,Yes,None,Yes,No,Yes,No,Piroplasm
879,39.0,Yes,Yes,Yes,Mild,Yes,Yes,Yes,Yes,Chronic
880,37.7,No,No,No,None,No,No,No,No,Infection
881,38.5,Yes,Yes,Yes,Moderate,Yes,Yes,Yes,Yes,Chronic
882,40.0,Yes,Yes,Yes,Severe,No,Yes,Yes,Yes,Acute
883,38.5,Yes,Yes,Yes,Mild,Yes,Yes,Yes,Yes,Chronic
884,38.9,Yes,Yes,Yes,Moderate,Yes,Yes,Yes,Yes,Chronic
885,38.8,No,Yes,Yes,None,Yes,No,Yes,No,Piroplasm
886,39.6,Yes,Yes,Yes,Moderate,No,Yes,Yes,Yes,Acute
887,39.2,Yes,Yes,Yes,Moderate,Yes,Yes,Yes,Yes,Chronic
888,38.9,No,Yes,Yes,None,Yes,No,Yes,No,Piroplasm
889,38.8,Yes,Yes,Yes,Mild,Yes,Yes,Yes,Yes,Chronic
890,39.1,Yes,Yes,Yes,Mild,Yes,Yes,Yes,Yes,Chronic
891,38.9,No,Yes,Yes,None,Yes,No,Yes,No,Piroplasm
892,38.9,No,Yes,Yes,None,Yes,No,Yes,No,Piroplasm
893,38.2,No,Yes,Yes,None,Yes,No,Yes,No,Piroplasm
894,38.6,No,Yes,Yes,None,Yes,No,Yes,No,Piroplasm
895,37.8,No,No,No,None,No,No,No,No,Infection
896,38.4,Yes,Yes,Yes,Mild,Yes,Yes,Yes,Yes,Chronic
897,40.7,Yes,Yes,Yes,Moderate,No,Yes,Yes,Yes,Acute
898,38.5,Yes,Yes,Yes,Mild,Yes,Yes,Yes,Yes,Chronic
899,38.5,No,Yes,Yes,None,Yes,No,Yes,No,Piroplasm
900,38.4,No,Yes,Yes,None,Yes,No,Yes,No,Piroplasm
901,38.9,No,Yes,Yes,None,Yes,No,Yes,No,Piroplasm
902,39.6,Yes,Yes,Yes,Moderate,No,Yes,Yes,No,Acute
903,40.9,Yes,Yes,Yes,Severe,No,Yes,Yes,No,Acute
904,39.3,Yes,Yes,Yes,Moderate,Yes,Yes,Yes,Yes,Chronic
905,38.4,Yes,Yes,Yes,Moderate,Yes,Yes,Yes,Yes,Chronic
906,40.2,Yes,Yes,Yes,Severe,No,Yes,Yes,No,Acute
907,39.9,Yes,Yes,Yes,Severe,No,Yes,Yes,No,Acute
908,40.1,Yes,Yes,Yes,Severe,No,Yes,Yes,No,Acute
909,38.8,Yes,Yes,Yes,Mild,Yes,Yes,Yes,Yes,Chronic
910,38.9,No,Yes,Yes,None,Yes,No,Yes,No,Piroplasm
911,39.2,Yes,Yes,Yes,Mild,Yes,Yes,Yes,Yes,Chronic
912,40.9,Yes,Yes,Yes,Severe,No,Yes,Yes,Yes,Acute
913,40.5,Yes,Yes,Yes,Moderate,No,Yes,Yes,Yes,Acute
914,37.5,No,No,No,None,No,No,No,No,Infection
915,40.6,Yes,Yes,Yes,Severe,No,Yes,Yes,Yes,Acute
916,38.9,No,Yes,Yes,None,Yes,No,Yes,No,Piroplasm
917,38.5,No,Yes,Yes,None,Yes,No,Yes,No,Piroplasm
918,38.5,Yes,Yes,Yes,Moderate,Yes,Yes,Yes,Yes,Chronic
919,39.1,Yes,Yes,Yes,Mild,Yes,Yes,Yes,Yes,Chronic
920,37.6,No,No,No,None,No,No,No,No,Infection
921,37.9,No,No,No,None,No,No,No,No,Infection
922,37.2,No,No,No,None,No,No,No,No,Infection
923,38.3,Yes,Yes,Yes,Moderate,Yes,Yes,Yes,Yes,Chronic
924,37.5,No,No,No,None,No,No,No,No,Infection
925,37.1,No,No,No,None,No,No,No,No,Infection
926,38.9,No,Yes,Yes,None,Yes,No,Yes,No,Piroplasm
927,37.3,No,No,No,None,No,No,No,No,Infection
928,39.9,Yes,Yes,Yes,Severe,No,Yes,Yes,Yes,Acute
929,39.7,Yes,Yes,Yes,Moderate,No,Yes,Yes,No,Acute
930,38.7,No,Yes,Yes,None,Yes,No,Yes,No,Piroplasm
931,39.5,Yes,Yes,Yes,Mild,Yes,Yes,Yes,Yes,Chronic
932,39.6,Yes,Yes,Yes,Severe,No,Yes,Yes,No,Acute
933,39.1,Yes,Yes,Yes,Mild,Yes,Yes,Yes,Yes,Chronic
934,38.2,No,Yes,Yes,None,Yes,No,Yes,No,Piroplasm
935,38.8,No,Yes,Yes,None,Yes,No,Yes,No,Piroplasm
936,37.9,No,No,No,None,No,No,No,No,Infection
937,38.8,No,Yes,Yes,None,Yes,No,Yes,No,Piroplasm
938,37.2,No,No,No,None,No,No,No,No,Infection
939,38.9,No,Yes,Yes,None,Yes,No,Yes,No,Piroplasm
940,40.9,Yes,Yes,Yes,Severe,No,Yes,Yes,No,Acute
941,38.9,No,Yes,Yes,None,Yes,No,Yes,No,Piroplasm
942,37.9,No,No,No,None,No,No,No,No,Infection
943,39.8,Yes,Yes,Yes,Moderate,No,Yes,Yes,Yes,Acute
944,37.5,No,No,No,None,No,No,No,No,Infection
945,37.2,No,No,No,None,No,No,No,No,Infection
946,38.2,No,Yes,Yes,None,Yes,No,Yes,No,Piroplasm
947,37.6,No,No,No,None,No,No,No,No,Infection
948,38.3,Yes,Yes,Yes,Moderate,Yes,Yes,Yes,Yes,Chronic
949,39.6,Yes,Yes,Yes,Severe,No,Yes,Yes,No,Acute
950,38.8,No,Yes,Yes,None,Yes,No,Yes,No,Piroplasm
951,39.7,Yes,Yes,Yes,Severe,No,Yes,Yes,No,Acute
952,38.3,No,Yes,Yes,None,Yes,No,Yes,No,Piroplasm
953,39.4,Yes,Yes,Yes,Mild,Yes,Yes,Yes,Yes,Chronic
954,38.7,Yes,Yes,Yes,Mild,Yes,Yes,Yes,Yes,Chronic
955,38.1,Yes,Yes,Yes,Moderate,Yes,Yes,Yes,Yes,Chronic
956,39.9,Yes,Yes,Yes,Severe,No,Yes,Yes,No,Acute
957,39.0,No,Yes,Yes,None,Yes,No,Yes,No,Piroplasm
958,38.9,No,Yes,Yes,None,Yes,No,Yes,No,Piroplasm
959,38.5,No,Yes,Yes,None,Yes,No,Yes,No,Piroplasm
960,38.9,Yes,Yes,Yes,Mild,Yes,Yes,Yes,Yes,Chronic
961,37.8,No,No,No,None,No,No,No,No,Infection
962,38.4,No,Yes,Yes,None,Yes,No,Yes,No,Piroplasm
963,37.2,No,No,No,None,No,No,No,No,Infection
964,38.2,Yes,Yes,Yes,Moderate,Yes,Yes,Yes,Yes,Chronic
965,39.3,Yes,Yes,Yes,Moderate,Yes,Yes,Yes,Yes,Chronic
966,38.1,Yes,Yes,Yes,Moderate,Yes,Yes,Yes,Yes,Chronic
967,37.3,No,No,No,None,No,No,No,No,Infection
968,39.9,Yes,Yes,Yes,Moderate,No,Yes,Yes,Yes,Acute
969,40.6,Yes,Yes,Yes,Moderate,No,Yes,Yes,No,Acute
970,39.5,Yes,Yes,Yes,Severe,No,Yes,Yes,Yes,Acute
971,39.2,Yes,Yes,Yes,Mild,Yes,Yes,Yes,Yes,Chronic
972,38.3,No,Yes,Yes,None,Yes,No,Yes,No,Piroplasm
973,38.5,Yes,Yes,Yes,Moderate,Yes,Yes,Yes,Yes,Chronic
974,40.1,Yes,Yes,Yes,Severe,No,Yes,Yes,No,Acute
975,37.5,No,No,No,None,No,No,No,No,Infection
976,38.9,No,Yes,Yes,None,Yes,No,Yes,No,Piroplasm
977,38.7,No,Yes,Yes,None,Yes,No,Yes,No,Piroplasm
978,39.4,Yes,Yes,Yes,Mild,Yes,Yes,Yes,Yes,Chronic
979,38.5,No,Yes,Yes,None,Yes,No,Yes,No,Piroplasm
980,38.3,No,Yes,Yes,None,Yes,No,Yes,No,Piroplasm
981,38.4,No,Yes,Yes,None,Yes,No,Yes,No,Piroplasm
982,37.4,No,No,No,None,No,No,No,No,Infection
983,38.6,Yes,Yes,Yes,Moderate,Yes,Yes,Yes,Yes,Chronic
984,39.5,Yes,Yes,Yes,Severe,No,Yes,Yes,Yes,Acute
985,38.6,No,Yes,Yes,None,Yes,No,Yes,No,Piroplasm
986,37.7,No,No,No,None,No,No,No,No,Infection
987,37.3,No,No,No,None,No,No,No,No,Infection
988,38.8,Yes,Yes,Yes,Moderate,Yes,Yes,Yes,Yes,Chronic
989,38.6,No,Yes,Yes,None,Yes,No,Yes,No,Piroplasm
990,41.0,Yes,Yes,Yes,Moderate,No,Yes,Yes,No,Acute
991,38.5,No,Yes,Yes,None,Yes,No,Yes,No,Piroplasm
992,38.9,Yes,Yes,Yes,Mild,Yes,Yes,Yes,Yes,Chronic
993,39.9,Yes,Yes,Yes,Severe,No,Yes,Yes,No,Acute
994,40.8,Yes,Yes,Yes,Moderate,No,Yes,Yes,No,Acute
995,39.7,Yes,Yes,Yes,Severe,No,Yes,Yes,No,Acute
996,37.1,No,No,No,None,No,No,No,No,Infection
997,39.0,Yes,Yes,Yes,Moderate,Yes,Yes,Yes,Yes,Chronic
998,39.6,Yes,Yes,Yes,Severe,No,Yes,Yes,No,Acute
999,38.2,No,Yes,Yes,None,Yes,No,Yes,No,Piroplasm
1000,37.5,No,No,No,None,No,No,No,No,Infection
